城市/地区,主要用途,官方页面/下载入口,覆盖说明,备注
11城统一可比数据,大湾区统计专页总入口,https://www.dsec.gov.mo/BayArea/zh-CN/,人口/GDP/就业/贸易/零售/移动电话等,首选总入口
广州,统计年鉴入口,https://tjj.gz.gov.cn/datav/admin/home/www_nj/,广州统计年鉴（含历年）,2025年统计年鉴通常含2024年数据
深圳,统计年鉴入口,https://tjj.sz.gov.cn/zwgk/zfxxgkml/tjsj/tjnj/,深圳统计年鉴（2018-2025页面可见）,可继续翻页查看更早年份
珠海,统计年鉴入口,https://tjj.zhuhai.gov.cn/tjsj/tjnj/,珠海统计年鉴（2009-2025）,官方页可下载分章PDF
佛山,年鉴入口（政府官方）,https://foshan.gov.cn/zjfs/fsnj/1998nj/index.html,佛山年鉴（1993-2023页面可见）,若需统计年鉴专题表，可辅以广东21市年鉴总入口
惠州,统计年鉴入口,https://www.huizhou.gov.cn/bmpd/hzstjj/tjnj/index.html,惠州统计局“月报数据和年鉴”入口,2025年页通常含2024数据
东莞,统计年鉴入口,https://tjj.dg.gov.cn/tjnj/index.html,东莞统计年鉴入口,页面需站内继续点击年份
中山,统计年鉴入口,https://stats.zs.gov.cn/zwgk/tjxx/tjnj/,2015-2025年鉴链接可见,适合直接取2015-2024
江门,统计年鉴入口,https://www.jiangmen.gov.cn/bmpd/jmstjj/tjsj/tjnj/,2008-2025年鉴链接可见,适合直接取2015-2024
肇庆,21市年鉴总入口（跳转肇庆）,https://gdzd.stats.gov.cn/dcsj/gdsnjsj/201902/t20190201_154503.html,广东21市统计年鉴总入口，包含“肇庆统计年鉴”链接,肇庆站内年鉴链接检索性较弱，建议先用总入口
香港,香港统计年刊总入口,https://www.censtatd.gov.hk/hkstat/sub/sp140.jsp?productCode=B1010003,Annual Digest，附带分章节表和CSV,含近10年统计序列
香港,R&D专题,https://www.censtatd.gov.hk/en/scode580.html,研发经费、R&D人员,适合新质生产力创新投入
香港,知识产权统计,https://www.ipd.gov.hk/en/tools-resources/ip-statistics/index.html,专利/商标/设计统计,适合创新产出指标
澳门,统计年鉴入口,https://www.dsec.gov.mo/zh-MO/Home/Publication/YearbookOfStatistics,2024、2023、2022等年鉴,含5年/10年时间序列
澳门,时间序列数据库,https://www.dsec.gov.mo/ts/,人口、劳动、贸易、国民经济等时间序列,适合补齐2015-2024
澳门,知识产权统计,https://www.dsedt.gov.mo/pg_ip_sd?_refresh=true,各类工业产权注册申请量,适合专利/创新产出代理指标
