year,city,各城市在对应年份的就业人数,单位
2015,Guangzhou,927.91,10k persons
2015,Shenzhen,1083.35,10k persons
2015,Zhuhai,124.11,10k persons
2015,Foshan,523.37,10k persons
2015,Huizhou,299.29,10k persons
2015,Dongguan,680.09,10k persons
2015,Zhongshan,241.21,10k persons
2015,Jiangmen,254.36,10k persons
2015,Zhaoqing,209.87,10k persons
2015,Hong Kong,377.38,10k persons
2015,Macao,39.65,10k persons
2016,Guangzhou,980.04,10k persons
2016,Shenzhen,1165.73,10k persons
2016,Zhuhai,143.8,10k persons
2016,Foshan,506.15,10k persons
2016,Huizhou,306.76,10k persons
2016,Dongguan,684.93,10k persons
2016,Zhongshan,232.9,10k persons
2016,Jiangmen,269.57,10k persons
2016,Zhaoqing,229.21,10k persons
2016,Hong Kong,378.71,10k persons
2016,Macao,38.97,10k persons
2017,Guangzhou,1037.17,10k persons
2017,Shenzhen,1229.26,10k persons
2017,Zhuhai,153.53,10k persons
2017,Foshan,517.29,10k persons
2017,Huizhou,314.17,10k persons
2017,Dongguan,695.7,10k persons
2017,Zhongshan,234.85,10k persons
2017,Jiangmen,274.54,10k persons
2017,Zhaoqing,231.33,10k persons
2017,Hong Kong,383.24,10k persons
2017,Macao,37.98,10k persons
2018,Guangzhou,1102.36,10k persons
2018,Shenzhen,1291.31,10k persons
2018,Zhuhai,164.61,10k persons
2018,Foshan,530.55,10k persons
2018,Huizhou,320.8,10k persons
2018,Dongguan,705.03,10k persons
2018,Zhongshan,238.75,10k persons
2018,Jiangmen,280.33,10k persons
2018,Zhaoqing,235.98,10k persons
2018,Hong Kong,388.46,10k persons
2018,Macao,38.54,10k persons
2019,Guangzhou,1125.89,10k persons
2019,Shenzhen,1230.29,10k persons
2019,Zhuhai,136.92,10k persons
2019,Foshan,588.66,10k persons
2019,Huizhou,318.3,10k persons
2019,Dongguan,711.1,10k persons
2019,Zhongshan,264.67,10k persons
2019,Jiangmen,257.66,10k persons
2019,Zhaoqing,202.57,10k persons
2019,Hong Kong,387.14,10k persons
2019,Macao,38.78,10k persons
2020,Guangzhou,1158.01,10k persons
2020,Shenzhen,1239.61,10k persons
2020,Zhuhai,147.79,10k persons
2020,Foshan,598.1,10k persons
2020,Huizhou,320.88,10k persons
2020,Dongguan,714.59,10k persons
2020,Zhongshan,274.62,10k persons
2020,Jiangmen,256.81,10k persons
2020,Zhaoqing,200.74,10k persons
2020,Hong Kong,369.09,10k persons
2020,Macao,39.51,10k persons
2021,Guangzhou,1163.44,10k persons
2021,Shenzhen,1245.42,10k persons
2021,Zhuhai,148.48,10k persons
2021,Foshan,600.9,10k persons
2021,Huizhou,337.58,10k persons
2021,Dongguan,717.94,10k persons
2021,Zhongshan,275.91,10k persons
2021,Jiangmen,258.01,10k persons
2021,Zhaoqing,201.68,10k persons
2021,Hong Kong,367.02,10k persons
2021,Macao,37.84,10k persons
2022,Guangzhou,1119.82,10k persons
2022,Shenzhen,1193.41,10k persons
2022,Zhuhai,135.13,10k persons
2022,Foshan,575.57,10k persons
2022,Huizhou,330.51,10k persons
2022,Dongguan,679.31,10k persons
2022,Zhongshan,262.71,10k persons
2022,Jiangmen,263.04,10k persons
2022,Zhaoqing,204,10k persons
2022,Hong Kong,361.32,10k persons
2022,Macao,36.47,10k persons
2023,Guangzhou,1138.8,10k persons
2023,Shenzhen,1228.9,10k persons
2023,Zhuhai,139.01,10k persons
2023,Foshan,581.25,10k persons
2023,Huizhou,340.34,10k persons
2023,Dongguan,697.46,10k persons
2023,Zhongshan,268.67,10k persons
2023,Jiangmen,266.7,10k persons
2023,Zhaoqing,208.2,10k persons
2023,Hong Kong,370.96,10k persons
2023,Macao,36.52,10k persons
2024,Guangzhou,1140,10k persons
2024,Shenzhen,1230,10k persons
2024,Zhuhai,139,10k persons
2024,Foshan,582,10k persons
2024,Huizhou,341,10k persons
2024,Dongguan,698,10k persons
2024,Zhongshan,269,10k persons
2024,Jiangmen,267,10k persons
2024,Zhaoqing,208,10k persons
2024,Hong Kong,369,10k persons
2024,Macao,38,10k persons
