类别,年份,题目/文献,方法关键词,真实链接,备注
新质生产力测度,2024,我国区域新质生产力水平测度、障碍因子诊断及时空演化,熵权TOPSIS；障碍因子；空间核密度；马尔科夫,https://aj.xhu.edu.cn/xhdxxbjjgllt/article/doi/10.12181/jjgl.2024.05.08?viewType=HTML,中文新近实证，和你的指标设计很接近
新质生产力测度,2024,重大国家战略区域新质生产力的水平测度及差异分析,指标构建；区域差异；时空演化,https://qks.cqu.edu.cn/html/cqdxskcn/2024/4/20240406.htm,含重大国家战略区域视角，与你题目匹配
新质生产力与协调,2024,新质生产力推动区域协调发展的困境、机理与对策,机理分析；区域协调,https://qks.cqu.edu.cn/html/cqdxskcn/2024/6/20240604.htm,偏理论与机制，可写文献综述/理论部分
新质生产力协同度,2025,新质生产力水平测度、区域差异与复合系统协同度研究,熵权TOPSIS；Dagum基尼；系统协同度,https://www.kjjb.org/article/2025/1001-7348/2025-42-7-002.htm,很适合作为你“双系统耦合”的近邻文献
GBA协同发展,2024,Synergistic development in the Guangdong-Hong Kong-Macao Greater Bay Area,协同评价；多维指标；区域协同,https://www.sciencedirect.com/science/article/pii/S0959652623042518,直接针对粤港澳大湾区协同发展
GBA经济-资源-环境协同,2024,"Synergistic-development of economy, resources, and environment in urban agglomerations",DPSR；耦合协调；障碍因子,https://www.frontiersin.org/journals/environmental-science/articles/10.3389/fenvs.2024.1487989/full,GBA案例，适合耦合协调部分
GBA网络与协同,2025,Network Structure and Synergy Characteristics in the Guangdong-Hong Kong-Macao Greater Bay Area,网络结构；因子流动；空间均衡,https://www.mdpi.com/2076-3417/15/14/7705,可用于空间联系和解释机制
GBA创新生态,2024,Innovation Ecosystems and Sustainable High Innovation Performance: Evidence from the Guangdong-Hong Kong-Macao Greater Bay Area,综合评价；核密度,https://www.mdpi.com/2071-1050/16/21/9487,可为新质生产力指标设计提供启发
耦合协调模型参考,2024,Spatiotemporal Analysis of Coupling-Coordination Between Developments of Economic High-Quality and Ecological Innovation of China’s Inter-Provinces,Entropy TOPSIS；耦合协调；空间自相关,https://link.springer.com/article/10.1007/s10614-024-10781-4,较新的耦合协调应用模板
耦合协调模型参考,2024,Evaluation of internal coupling and coordination degree and diagnosis of obstacle factors in Chongqing’s high-quality economic development,熵权TOPSIS；耦合协调；障碍因子,https://journals.plos.org/plosone/article?id=10.1371%2Fjournal.pone.0312820,开源，方法部分很适合照着写
空间杜宾模型参考,2024,Research on the impact of digital financial inclusion and environmental regulation on industrial structure upgrading—based on spatial Durbin model analysis,空间杜宾模型；空间溢出,https://journals.plos.org/plosone/article?id=10.1371%2Fjournal.pone.0310720,SDM写法、结果解释可直接借鉴
空间杜宾模型参考,2024,A pathway to coordinated regional development: Energy utilization efficiency and green development,空间杜宾模型；空间溢出,https://www.sciencedirect.com/science/article/abs/pii/S0140988324001105,适合借鉴空间溢出章节写法
新质生产力方法扩展,2025,Evaluation of new quality productive forces in Henan province based on improved entropy weight-TOPSIS method and deep learning,改进熵权TOPSIS；深度学习,https://www.nature.com/articles/s41598-025-19309-8.pdf,若想把方法写得更“新”可参考
新质生产力—高质量发展,2025,New Quality Productive Forces Enabling High-Quality Development in Resource-Based Regions,综合测度；机制分析,https://www.mdpi.com/2071-1050/17/18/8146,可补机制与实证假说
新质生产力—协调/产业链,2025,"New quality productive forces, urban-rural integration and industrial chain resilience",空间计量；机制分析,https://www.sciencedirect.com/science/article/pii/S1059056025004083,新质生产力+空间效应的较新英文文献
